PRICE,BEDS,BATH,PROPERTYSQFT,LATITUDE,LONGITUDE,TYPE_House,TYPE_Studio,TYPE_Villa,LOCALITY_Casablanca,LOCALITY_Marrakech,LOCALITY_Rabat,LOCALITY_Tanger
171958,4,2,1955,33.64439681795835,-5.251707258858826,False,False,True,False,False,True,False
721155,3,1,1204,33.561305004411615,-7.713845358546518,False,False,True,False,False,False,True
181932,4,1,1679,34.015365777022424,-7.197415416568703,False,True,False,False,False,False,True
415838,2,1,3977,34.42524591347863,-6.987730909695314,False,True,False,False,False,False,False
309178,2,1,3301,35.23654501081676,-6.962082536069417,False,True,False,False,False,False,True
694167,3,2,1787,34.95433813953262,-6.354711461269161,False,False,False,False,False,False,False
160268,1,1,3161,34.98541304239996,-5.199234567893523,False,False,False,False,True,False,False
782180,2,2,3079,34.35098666889615,-7.657575508586232,False,True,False,False,False,True,False
104886,5,2,2506,34.19186998509392,-8.074745182946787,True,False,False,False,False,False,True
187337,2,3,4623,34.24207752596921,-7.808853285490219,False,False,True,False,False,True,False
571430,2,4,3168,35.47529912747211,-5.395762849267557,False,False,True,False,False,True,False
137498,1,4,4353,33.58021838282497,-6.239662155706779,False,False,False,False,False,True,False
949159,4,2,3586,35.234062992244894,-7.49932623766294,False,False,True,False,True,False,False
962756,2,3,3680,34.65735081714479,-5.64418571360984,True,False,False,True,False,False,False
225203,3,2,2973,34.377230838379184,-5.485205012727974,False,False,True,False,False,False,True
241335,4,2,2999,34.95051532083027,-5.537199814584027,False,False,False,True,False,False,False
328167,5,2,4433,34.47333788284941,-5.28375713226156,False,False,False,True,False,False,False
91090,1,3,636,35.24684647616332,-7.617156429393234,True,False,False,True,False,False,False
379365,5,4,1704,35.301403728022514,-5.8573532493880265,True,False,False,False,False,True,False
114820,4,3,3830,34.34344185374691,-6.88811175954051,False,False,True,False,False,False,False
837201,4,1,1701,34.0536555944701,-5.553005064884784,False,False,True,False,False,True,False
371879,4,3,2941,34.684700657186724,-5.950282629934353,False,False,False,False,False,True,False
768315,5,3,2451,35.32472669123338,-5.782433937250964,True,False,False,True,False,False,False
377069,4,3,841,33.921324378011334,-6.20343356811625,True,False,False,False,False,True,False
826997,5,3,2476,34.745933167126964,-7.878999306856026,True,False,False,True,False,False,False
249041,4,4,3580,34.76312044018504,-6.592405783860716,False,False,True,False,False,False,False
841743,3,1,3057,34.96622604483056,-5.0536559116642215,True,False,False,False,False,False,True
153355,4,4,4198,33.76313537025452,-5.219141767260084,False,False,False,True,False,False,False
285796,5,4,1204,34.93164992936418,-8.34889192471046,False,False,False,False,False,False,False
264176,2,3,474,35.31806504133128,-7.92314814494697,False,False,True,False,False,False,True
234779,4,2,2575,33.85936621774049,-8.038949292909033,False,True,False,False,True,False,False
397449,2,2,4324,33.97508664984775,-5.959070315051466,False,False,True,True,False,False,False
471909,3,4,2489,35.44279018808328,-5.637751345500693,False,True,False,True,False,False,False
308795,1,4,440,33.86195390541898,-7.752710217912648,True,False,False,False,True,False,False
536232,3,3,2481,35.20877018673916,-6.729515574668598,False,False,True,False,True,False,False
967040,4,4,2022,34.48455571289607,-5.5575394019608,False,False,False,True,False,False,False
550186,2,3,741,33.99446214880636,-5.935194593318123,True,False,False,False,True,False,False
206730,2,2,4452,35.24149980254502,-6.602169780778532,False,False,False,False,False,True,False
920910,5,2,2474,34.39061051000533,-6.433783083394295,True,False,False,False,False,False,True
434681,2,1,1045,34.52963470785938,-6.72073808579302,False,False,True,False,False,False,True
199503,5,2,4663,34.218466738799535,-7.458580420384128,False,True,False,False,False,False,True
704811,1,4,1009,34.685901702869856,-6.522423024993444,True,False,False,False,False,True,False
577035,4,2,854,33.82704774517005,-6.088901442824683,False,True,False,False,True,False,False
698143,5,3,3353,34.28216307330352,-5.4433697944871735,True,False,False,False,False,False,False
502366,1,2,2108,35.438824644670575,-6.272980261072632,False,False,False,False,True,False,False
115725,2,1,3872,34.01626686540226,-5.836074620348947,False,False,False,True,False,False,False
179981,2,2,3369,34.81347332908258,-7.939749277658994,True,False,False,False,False,False,True
134654,1,3,3428,34.15038012844939,-6.884548839530735,False,True,False,False,True,False,False
955778,2,3,3081,35.0469462513732,-8.467339330605174,False,False,True,False,False,False,False
641723,1,4,4029,33.7617473214367,-7.636623974174319,False,False,True,True,False,False,False
369030,5,2,4625,35.439642090157086,-5.957383997104483,False,False,False,False,False,True,False
378947,5,3,3467,34.40757908276728,-5.028665170277228,False,False,True,False,False,True,False
605839,1,1,1786,33.97210092669293,-8.152876651444744,False,False,False,False,False,False,False
952648,5,4,4176,33.64699349466002,-7.094769894485491,False,False,True,True,False,False,False
323538,5,1,3266,33.83951581017508,-5.699751609552942,True,False,False,False,False,False,True
381236,5,2,3763,34.53954789711204,-7.785875278798854,False,False,False,False,True,False,False
578178,3,2,4524,34.17400635286257,-6.557202677441998,False,False,False,True,False,False,False
615894,4,2,548,35.15776673176522,-5.934250463896138,True,False,False,False,False,True,False
539492,2,4,4250,34.36177504732361,-6.344050924089373,False,False,False,False,False,False,False
306840,3,3,2458,33.99742854517526,-7.841913428846043,False,False,True,False,False,False,False
523254,5,4,1536,34.73428997320806,-7.256154009599912,False,False,True,False,True,False,False
399457,1,1,586,34.91355443377089,-5.756728754301109,False,False,False,False,False,False,False
715987,5,4,3254,33.8340838158019,-6.560207200537942,False,False,True,False,False,False,False
320936,4,1,1650,33.83523843257664,-8.481696352599805,False,True,False,True,False,False,False
289931,5,4,1733,33.57334285386709,-5.836532339901671,False,False,False,False,False,False,True
289629,1,3,4593,34.97280403013128,-8.376410257709164,True,False,False,False,True,False,False
255041,4,1,4550,34.82760905524361,-5.889931760440687,False,True,False,True,False,False,False
748361,5,2,3111,34.44926175149963,-7.791318039421669,False,False,False,False,False,False,True
781912,4,2,4901,35.1883408979384,-5.146742819582169,True,False,False,True,False,False,False
467113,2,4,2185,35.11134030590011,-7.212207370442704,False,False,True,True,False,False,False
118148,2,2,1150,34.67070872879351,-7.355739342816723,True,False,False,False,False,False,False
827089,5,1,2162,35.23654256102652,-7.9788918238364435,False,True,False,False,False,False,True
698531,4,2,4320,33.91168242007354,-7.430385245784247,False,False,True,False,True,False,False
301995,1,3,4860,33.723839238795456,-5.431722333601298,False,False,False,False,True,False,False
956606,5,3,881,34.03949922303398,-5.012829818304635,False,False,True,False,False,False,True
728843,2,4,553,33.614173712178626,-7.210916643226031,False,False,False,False,False,False,False
960790,2,1,1924,34.56233905600207,-6.929862791659101,False,False,False,False,False,True,False
622843,5,3,2520,35.37321138458992,-5.9727517162904205,True,False,False,True,False,False,False
306508,4,3,2743,33.57868708133702,-5.39831476837224,True,False,False,False,False,False,False
853591,2,1,1640,33.74421982802005,-6.424344830346255,True,False,False,False,False,False,True
946942,4,2,460,34.40439805656687,-7.129660056377597,False,True,False,True,False,False,False
156530,2,2,1338,35.367750035055806,-7.055823557029817,False,True,False,False,True,False,False
654365,2,4,2039,34.132312209953504,-6.065336487261176,True,False,False,False,False,True,False
872352,3,2,4520,34.51446961737678,-8.488736077385024,False,True,False,False,True,False,False
510337,2,1,4626,33.58314571810078,-6.331437318890558,False,False,True,False,False,False,True
774839,1,3,3969,33.79668640192418,-7.255774463455249,False,False,True,True,False,False,False
855889,5,2,1652,35.47326024591769,-5.720309340530205,False,True,False,False,False,False,True
509773,5,4,4603,35.430237392872094,-8.174532760619037,False,True,False,True,False,False,False
258261,4,2,571,33.50987996186882,-6.441292065680633,False,False,True,False,False,False,False
814469,2,1,1858,35.40362357084648,-6.816594885398567,False,False,False,False,False,True,False
391097,1,4,3949,34.778239875631,-6.2518606593317045,False,False,True,False,False,False,False
365139,4,2,4597,35.23583658904005,-8.27301241930961,False,False,True,False,False,False,False
221829,3,4,2722,34.40947971126772,-6.470056744001541,False,True,False,False,False,False,True
321836,4,1,2036,34.5311920571585,-6.534803942141667,False,False,True,False,False,True,False
488974,4,3,3515,34.47769316051384,-6.5376896695434015,False,True,False,True,False,False,False
252283,2,1,4490,34.83372851509221,-6.387793166912408,False,True,False,True,False,False,False
246769,3,1,3404,33.779302509512625,-6.132362219707732,True,False,False,False,True,False,False
611353,4,1,729,33.55994717974536,-5.682538501117306,False,False,True,True,False,False,False
273165,1,1,4040,34.11585988318238,-7.55562747955125,False,False,False,False,False,False,True
673587,1,3,4294,34.909361525473294,-5.612327064369783,True,False,False,False,False,False,False
585822,5,3,4507,33.903706904245894,-6.756105112077912,False,True,False,False,False,False,False
537879,3,4,1741,34.84686486664984,-8.23029602302984,False,True,False,False,False,False,False
614685,3,2,4063,35.43982409221454,-8.295071747646073,False,False,False,False,False,True,False
832038,5,3,615,33.68780143157883,-7.330165884563787,False,True,False,True,False,False,False
403531,4,3,738,34.84520423645025,-5.752860580109863,False,False,True,False,False,False,True
313160,3,2,4462,34.387500438609145,-6.023116728406794,True,False,False,False,False,True,False
629879,1,3,3108,35.23628450875501,-5.739847623646577,False,True,False,False,True,False,False
270884,1,1,3552,33.854299578894775,-6.689558302454367,False,True,False,False,False,False,True
73247,2,1,2150,34.88525190445233,-6.959303507155783,False,False,False,False,False,False,True
74300,3,2,2821,35.176230579296224,-7.983916156528006,False,False,True,False,False,False,True
517281,4,4,1109,35.389228438948045,-7.35132536236741,False,True,False,False,False,False,False
657086,5,4,4126,34.866496056579294,-6.980932218391437,False,False,False,False,False,False,True
583556,5,2,4042,34.494349528016855,-8.189898496121339,False,True,False,True,False,False,False
398951,4,2,4393,34.73569448040243,-7.72785816551076,False,False,False,False,False,False,True
324329,2,1,888,35.23780996895744,-6.406211470776914,False,False,False,False,False,False,False
769064,5,4,446,34.64121949327766,-5.925179100162835,False,False,True,False,False,False,True
792139,3,3,3759,33.56077411939367,-5.0057837101246765,False,True,False,False,True,False,False
482315,2,1,800,35.361897391013954,-5.234103340297548,False,False,True,False,True,False,False
976075,3,2,4390,34.87905350206312,-6.2510218016268295,False,False,False,False,False,False,False
566588,1,4,3557,34.8530267715545,-7.025631813470748,True,False,False,True,False,False,False
286584,2,3,4745,33.93135030479544,-6.273379223521186,False,True,False,True,False,False,False
612332,5,3,790,34.81777094046532,-5.750219336719188,True,False,False,False,False,True,False
887646,2,1,4253,34.28772881130832,-8.085823331768145,False,True,False,False,False,False,False
426896,2,4,4830,34.80246595408298,-7.065332886062992,False,False,True,False,False,False,True
98984,2,4,1028,33.71318606061598,-5.56069200027534,False,False,True,False,False,False,False
352918,2,2,4632,34.81569060920607,-7.156584668234346,False,False,True,False,False,True,False
314712,3,4,3330,35.49882745154133,-6.498447050704847,False,False,True,False,False,False,False
170151,1,4,1921,33.59642407772111,-6.442807236982306,False,False,True,False,False,False,False
505808,4,1,1226,35.45434836844264,-7.854333114032262,True,False,False,False,False,True,False
183767,2,4,1900,34.313815921445745,-7.2321759542169906,False,False,True,True,False,False,False
698663,5,3,3694,35.24150690067452,-7.329210489403238,False,False,False,False,False,False,True
753550,2,1,2819,35.06477096811655,-8.408311520137774,False,False,False,False,False,True,False
186330,5,1,1334,34.63403252197334,-8.415328826380257,True,False,False,False,True,False,False
530754,3,2,3442,34.97689841850265,-5.589060347134793,False,True,False,True,False,False,False
351648,5,4,4897,35.2570311226027,-7.544252165095156,False,False,False,False,True,False,False
738519,4,2,1866,34.30828064330207,-6.686724318164146,False,True,False,True,False,False,False
63986,1,3,3961,34.15406632312648,-7.454460492439294,True,False,False,False,False,False,True
636146,5,1,1014,34.83518677112717,-5.207622642096308,False,True,False,False,False,False,True
179312,5,1,1582,35.11569188388252,-7.592461343969791,False,True,False,False,False,False,False
62666,1,1,3623,35.02457026955323,-6.996201155413727,False,True,False,False,True,False,False
350804,4,3,3067,35.09562729771727,-5.4454441233038935,False,True,False,True,False,False,False
184633,2,3,530,34.37116662962587,-5.55323251622867,True,False,False,False,False,False,True
338998,5,2,3383,35.135668432350045,-7.848645037538029,False,False,False,False,False,True,False
900937,1,2,4678,33.74041811074122,-5.690748415715014,False,False,True,False,False,False,True
678776,3,2,4859,34.5889781959217,-6.896345896417376,False,True,False,False,False,True,False
757611,1,4,438,33.51151732099624,-6.809608947701257,False,False,False,True,False,False,False
334806,3,1,4359,34.149171659800544,-8.032820096544198,False,False,False,False,False,False,True
844824,4,1,3987,34.2329230697428,-8.217894701850064,True,False,False,False,False,False,True
80535,2,2,1320,34.29234538321851,-5.952212425591822,False,False,False,True,False,False,False
425713,1,1,3169,34.890934413379725,-6.762385966756451,True,False,False,False,False,False,True
888688,5,2,4511,34.27711620254069,-6.971022540846872,False,True,False,False,False,True,False
401279,4,4,892,34.39738724524506,-5.946721199716611,False,True,False,False,False,False,True
963910,1,4,1531,33.97508826174865,-5.820704853531116,False,False,True,False,True,False,False
871654,5,3,3921,34.24650358325868,-7.943821413157263,False,False,True,False,False,False,False
651661,1,4,710,33.9545392545263,-6.364211976828256,False,False,True,False,False,True,False
697972,3,2,1138,33.64639184753689,-8.026260712028101,False,False,False,False,True,False,False
539570,1,4,3641,34.70689718676275,-5.87018719889834,False,True,False,True,False,False,False
506551,1,3,945,34.83642559711003,-6.200656953065012,True,False,False,False,False,True,False
323109,1,1,2861,34.738980692019226,-5.151848826207897,False,False,True,False,False,False,False
74538,4,2,4746,34.426988087601146,-8.258646942752526,True,False,False,False,False,False,False
944498,1,1,2204,34.25957156035846,-8.30030847597061,True,False,False,True,False,False,False
251664,5,3,3612,35.22666729914365,-7.5123452385738,False,False,True,True,False,False,False
541234,3,3,4210,34.53816357027244,-7.584030106924329,False,True,False,False,False,True,False
949684,3,3,1213,34.45836375525946,-7.635574203248001,False,False,True,False,False,False,True
189182,1,1,4524,33.551284131612874,-5.328108968176371,True,False,False,True,False,False,False
522525,4,1,2432,34.18249565525231,-7.626588300526729,False,False,True,False,False,False,True
208338,4,1,4972,34.26039123757172,-7.548175958549791,True,False,False,False,True,False,False
234064,5,1,4813,34.2976455617938,-5.842106081537127,True,False,False,False,False,False,False
264020,1,3,644,34.66034473845466,-6.92591055142311,False,False,True,False,False,False,True
673094,3,3,671,34.56720509345376,-5.781513050656866,False,False,False,False,False,False,False
974414,4,2,3911,34.71581018558689,-8.271218448524651,False,False,True,False,False,False,True
947421,1,2,2171,35.029766523084255,-6.793500822143155,False,False,False,False,True,False,False
665270,4,1,1662,35.12597147743219,-8.382352399358512,True,False,False,True,False,False,False
695914,4,4,2824,34.93624615245299,-8.28071378790626,True,False,False,False,True,False,False
169176,3,4,4761,35.41104739190987,-5.327468913294561,False,False,False,True,False,False,False
967710,2,3,1320,33.53646516535272,-8.012641201088417,True,False,False,True,False,False,False
268126,5,3,3830,33.89155597136709,-6.6365276120367405,False,False,False,False,False,False,False
268969,5,3,4835,33.51512574995628,-7.061165390897527,False,False,False,False,True,False,False
172409,3,2,4884,34.79494942830921,-7.28429835809405,True,False,False,False,False,False,True
597707,4,2,3024,35.29606109789997,-5.350583290094546,False,True,False,False,True,False,False
303618,1,3,4160,33.9869645931526,-8.423618111285787,False,False,False,False,False,False,False
819598,4,3,2450,35.35406908959261,-6.176736098385439,False,False,True,True,False,False,False
100015,3,3,3900,33.62053478057912,-5.128119480252574,False,False,True,False,False,False,False
822838,5,4,1565,35.36887205361103,-6.539411357883553,True,False,False,False,False,True,False
172096,4,2,775,34.203245374479266,-5.221121382884179,False,True,False,False,False,True,False
681347,5,4,2433,33.702841656898435,-8.317097422498916,True,False,False,False,False,False,True
235340,1,4,545,34.47174351837265,-7.034223383240435,False,True,False,False,False,False,False
160687,5,3,4788,34.013553135441015,-7.589447731632821,False,False,False,False,False,False,True
924371,5,3,831,34.069745803923844,-5.942126622567446,False,False,False,False,False,False,True
461357,2,1,1104,34.114579929852574,-5.065460183259637,False,False,False,False,False,True,False
785716,2,1,3032,35.10605179566533,-7.602144781445133,False,False,False,False,False,False,True
155878,2,4,4894,34.57832255335051,-6.210388894840739,False,False,True,False,False,True,False
777270,5,2,1363,34.12261539831201,-7.80665828534091,False,False,True,True,False,False,False
248286,3,3,2634,34.720667566621835,-6.521344108999365,True,False,False,False,False,False,False
823290,5,3,2441,34.93230134844639,-6.876236296590824,False,True,False,False,False,False,True
824684,3,4,2228,34.045248001467066,-5.09798134628962,False,False,False,False,False,True,False
214899,3,1,2508,34.3270982030507,-6.370154545562367,False,False,False,False,True,False,False
374767,2,2,4468,33.743772186673894,-7.276727697696135,False,True,False,False,False,False,True
911882,4,1,1338,33.86229869906936,-8.100664752892234,False,True,False,True,False,False,False
929858,1,1,1206,34.86223570792997,-7.970636099427729,True,False,False,True,False,False,False
429989,2,1,1863,33.86287669539125,-7.711390745170677,False,True,False,False,True,False,False
465515,2,1,3815,34.55032676733412,-7.621616685308957,False,False,False,False,False,True,False
93585,4,3,410,34.91809252344486,-5.522843797556018,False,False,False,False,False,False,True
421369,1,3,2268,33.71375384618949,-6.535720241011163,False,False,False,False,False,True,False
114044,5,1,1284,34.634624439257806,-6.668131810189717,False,False,False,True,False,False,False
492296,5,2,3964,34.013125567402724,-8.098308948457738,False,False,False,False,False,True,False
159556,2,4,1789,35.42585375047516,-5.489511073276978,True,False,False,True,False,False,False
576981,1,2,3801,34.46709129343985,-5.970149938770307,False,False,False,False,False,True,False
931691,2,2,4721,35.11198509955032,-8.263160733349995,True,False,False,False,True,False,False
817595,3,2,1224,34.60045308431253,-6.0225771596958095,False,False,False,False,False,False,False
250235,2,1,2665,33.58682506570964,-6.597616239300739,False,False,True,False,True,False,False
75939,2,3,1336,34.76630275118804,-8.213961289886276,False,False,True,False,True,False,False
202906,5,2,3200,35.402806684413314,-6.895947754649702,False,False,True,False,False,False,False
592335,5,1,2953,34.70322364029266,-6.803562995044835,False,False,True,False,False,False,False
338249,5,2,4245,35.13837771885358,-7.919789109428535,True,False,False,False,False,False,True
125766,3,2,2196,35.26841292669682,-5.190056485499012,True,False,False,False,False,False,True
458923,5,1,453,33.95615954389787,-5.525086199817683,False,True,False,False,True,False,False
465192,1,3,1126,33.924089679816454,-6.158421819348121,False,False,False,False,True,False,False
618550,4,3,3136,34.72196197770198,-6.881965536497875,False,False,True,True,False,False,False
437261,1,4,3570,34.32205693961341,-7.058820604454221,True,False,False,True,False,False,False
860208,1,1,2313,35.17972260573344,-6.22159286497166,False,False,False,False,False,False,True
735440,5,4,1996,35.30004624679602,-6.590988457075831,False,False,False,False,False,False,True
702664,4,4,2314,34.20684275860543,-8.2820441294134,True,False,False,True,False,False,False
504589,4,4,2866,33.97374111794896,-6.706240729303839,False,False,True,True,False,False,False
187848,4,3,3137,35.061051030487725,-5.677587339685061,False,True,False,False,False,True,False
667075,3,1,1249,34.04961207109627,-6.892660428410647,False,False,False,False,False,True,False
177948,5,4,2509,35.14522863702736,-8.31815197856006,False,True,False,True,False,False,False
629304,4,1,402,34.34747650729753,-5.748026302155884,False,False,True,False,False,True,False
452690,3,1,4655,34.83509979858294,-7.79522676252409,False,False,True,False,False,False,False
549046,2,3,4469,33.69107062766933,-7.594827077891864,False,True,False,False,False,False,True
501269,2,4,1292,34.747718649353146,-7.923527762986964,False,False,True,False,False,False,True
71959,3,4,2430,34.40353535747446,-7.344247272949758,False,False,False,True,False,False,False
710890,3,1,3560,34.673216926350946,-5.851369730089777,False,True,False,False,True,False,False
800216,5,2,2776,33.83602841548973,-6.682149491736219,False,False,True,True,False,False,False
955533,5,3,2333,34.97374748988837,-7.782915540472506,False,True,False,False,False,True,False
840180,2,3,1780,35.225594155086455,-5.4275947264678575,False,False,False,False,True,False,False
278576,4,3,4081,33.93347960018155,-5.421463507669648,False,False,True,False,False,True,False
587833,2,3,1690,33.69142911104032,-5.452975512338976,False,False,False,False,False,False,False
964091,4,4,2040,33.54727717209267,-7.664213260164613,False,False,True,False,False,True,False
215838,4,4,3082,34.78394300088653,-6.920662295366542,True,False,False,False,False,False,False
385674,5,2,1387,34.71418807217756,-5.052536203506937,False,False,True,False,False,False,False
929989,1,3,1618,34.59339482542814,-5.797956332915033,False,True,False,False,False,True,False
111087,1,3,1755,33.96389419223195,-8.404914025710541,False,False,True,False,False,True,False
643128,3,1,4665,34.28181199181103,-8.271783930588278,False,False,False,False,False,False,False
168451,5,4,4535,34.688952670372345,-6.876240181156835,False,False,False,False,True,False,False
497600,4,3,1960,34.493533717718336,-5.317729279484539,False,False,True,False,False,False,False
887437,1,2,1818,35.47557104042978,-6.614543707165501,False,True,False,False,False,False,True
489792,4,2,1354,33.772879505113465,-6.7576562218799845,True,False,False,False,False,False,False
89353,1,4,1383,34.89028910809519,-8.130842050151793,False,True,False,False,True,False,False
243075,1,2,1374,34.308637536208586,-6.201269633464971,True,False,False,False,False,False,True
264283,1,2,4533,34.35639922985123,-5.622638937899211,False,False,False,True,False,False,False
364877,5,4,4372,34.93519553131635,-7.168529973723532,False,True,False,True,False,False,False
115318,2,3,1313,34.88487230264874,-5.785358521761354,True,False,False,False,True,False,False
815313,4,3,4949,35.48251198740438,-5.12433171134716,False,False,True,False,False,False,False
532690,5,2,436,33.75678857890825,-7.786817393053088,False,False,False,False,False,True,False
466880,5,2,3787,33.708219298768334,-6.6683462908184055,False,False,True,False,True,False,False
641460,5,3,2111,34.948677634257486,-7.495017146703986,False,False,False,False,False,False,True
790976,5,4,3420,34.65677383401282,-5.725009533381562,False,True,False,False,False,False,True
831239,5,2,1195,34.04832133311961,-6.478423219415949,False,True,False,True,False,False,False
143264,3,1,4436,33.65883873797797,-6.278961538573936,False,False,False,False,False,False,True
820746,4,4,3511,33.67131649919286,-5.707300441344371,False,False,False,False,True,False,False
863168,5,2,1724,35.28838174932824,-7.114103345681408,False,False,False,False,False,False,True
275281,4,2,717,33.883734649437486,-5.297184760575348,False,True,False,False,True,False,False
687147,3,1,2796,34.146743124231044,-6.63439896463851,True,False,False,False,False,True,False
948613,3,1,2562,33.95331280445398,-7.947158120076282,False,False,True,True,False,False,False
444070,4,3,3145,34.20999261166387,-6.064353086409192,False,False,True,False,False,False,True
402228,1,4,1991,33.63884768549219,-5.72358527346611,False,True,False,False,True,False,False
481839,2,4,3511,34.53811958181654,-7.391334130263656,False,False,True,False,False,False,False
319536,1,3,4330,33.63522512718443,-5.499872600504364,False,False,False,True,False,False,False
367824,1,4,2396,35.10071301564472,-5.328498608319817,True,False,False,False,False,True,False
307426,1,4,1712,33.967424163820866,-7.530834294177668,False,False,True,False,True,False,False
227789,5,4,1685,34.58002382920902,-5.057674845496723,True,False,False,False,False,True,False
563153,3,4,4711,35.26015817512292,-8.007509651829345,False,False,False,False,False,True,False
792452,1,4,2783,34.80175473809439,-7.792945160591286,False,False,True,False,False,False,True
887291,3,1,3639,34.56591557310267,-7.855213062666909,False,True,False,False,False,False,True
175657,4,4,2539,34.14866750623075,-5.371036014972454,True,False,False,False,True,False,False
285167,2,1,2104,34.166003826116395,-6.209976066862634,False,False,False,False,False,False,False
731669,4,4,762,34.83897391039638,-7.967635008722045,True,False,False,False,True,False,False
530671,4,3,3004,35.48827872244234,-6.958868035710779,False,False,True,False,False,False,False
769094,5,2,2116,34.823678379698755,-6.346456912255693,False,False,True,False,False,True,False
120467,2,1,4851,34.61556683474005,-8.207875702537159,False,True,False,True,False,False,False
233734,4,4,4686,34.961301020478494,-5.411542710574315,False,False,False,False,True,False,False
672794,4,3,4138,34.43041122456744,-5.687387625954627,False,False,False,False,True,False,False
159751,2,2,2869,33.62028468520157,-6.731776292481766,False,True,False,False,False,False,False
431050,2,1,956,34.62459363175582,-5.115056846592903,False,True,False,False,False,True,False
980192,4,2,1225,35.41525056901076,-7.037836572537151,False,False,False,False,False,True,False
861774,2,3,3208,33.85060588471532,-5.055613883372258,True,False,False,False,False,False,False
742517,4,1,4921,34.880009781641334,-6.162280004187306,True,False,False,False,False,True,False
511079,4,2,3119,33.90186737731811,-6.278650543611205,False,True,False,False,False,False,True
418452,5,4,3908,34.57165536894616,-7.919157866464753,True,False,False,True,False,False,False
156081,1,1,4141,33.69335289929344,-5.413252845933746,False,False,False,False,True,False,False
663333,4,2,1974,34.40074187251637,-7.003786092277847,False,False,True,True,False,False,False
608986,3,3,4398,35.012326657790496,-7.932183079761322,False,False,True,False,True,False,False
160078,1,3,2529,34.195143048477966,-8.455873680084844,True,False,False,False,False,False,True
917055,1,1,2803,34.82982344897444,-6.540855107265661,False,True,False,False,False,True,False
72671,1,2,3729,35.09089992157946,-6.654101322570633,False,True,False,False,False,False,False
468400,5,1,988,35.35435563895891,-5.982262321707945,False,True,False,False,False,False,True
405528,4,1,2412,33.96928416371091,-5.384096814437692,False,True,False,True,False,False,False
660490,5,2,1947,34.298631831618614,-8.222076953749397,False,True,False,False,False,False,False
101663,4,2,694,33.80483202666083,-5.939762283808731,True,False,False,False,False,True,False
65708,5,4,2385,35.48496700431675,-7.844058195658462,False,False,True,False,False,False,True
928338,5,2,3517,35.35400193584859,-5.496380313949926,False,False,True,False,False,False,False
361955,3,3,2090,34.57991426056112,-5.633277701484204,True,False,False,False,False,False,True
183883,5,1,1536,35.18406658875284,-6.607221857550595,False,True,False,False,False,False,True
368394,2,1,2464,34.54191595454409,-6.01415020481841,True,False,False,False,False,True,False
162547,3,3,4855,34.74717137600552,-7.399774603856881,False,False,True,False,True,False,False
960681,5,2,4943,33.67824886423203,-6.850912353735149,False,False,False,False,False,False,False
609042,1,3,1407,35.01054084099361,-5.624270858013349,True,False,False,False,False,True,False
801102,2,3,2914,33.755426967270466,-6.892571809893751,False,True,False,False,False,False,True
812002,2,4,3926,35.152135260505055,-7.247706071360954,False,False,True,False,False,True,False
192483,2,3,1647,35.064056175340774,-6.770256434623951,False,False,True,False,True,False,False
708271,3,1,4302,34.91748939548595,-5.601127616469736,False,False,True,False,False,False,False
264835,5,3,1835,33.572320761049525,-7.326771834201946,False,False,True,False,True,False,False
451896,5,1,971,34.10625671189066,-7.891834424024896,False,True,False,True,False,False,False
134896,1,1,2782,34.02622513982168,-6.007950928842267,False,False,False,False,False,False,False
527095,1,1,1645,34.22027281494304,-5.609076255521714,False,False,True,False,True,False,False
121295,2,2,2484,33.675285493527674,-8.147768825167633,True,False,False,False,False,False,True
793974,1,4,677,35.37391564606212,-7.660440605354194,False,False,False,False,False,False,False
937121,3,1,2287,34.60760448142475,-8.003098035836521,False,False,True,False,False,False,False
323255,5,1,4979,34.111048621316044,-7.282205059462417,False,False,False,False,False,True,False
349648,2,2,1665,34.29396303414857,-6.923771573831056,True,False,False,False,False,False,True
707162,1,1,1440,34.39440508100967,-5.879107820628427,False,False,True,True,False,False,False
58155,3,3,1317,34.70118866672124,-6.22098345291414,True,False,False,False,True,False,False
516872,3,3,1285,34.531358855392995,-6.326750013825491,False,True,False,False,False,True,False
875816,1,4,3152,35.33878394642883,-7.266687686866209,False,False,True,False,True,False,False
424705,5,1,421,34.49392696581166,-5.55493356420334,False,False,True,True,False,False,False
621542,1,2,4969,35.48431602964663,-6.850494914106424,False,False,True,True,False,False,False
858350,2,3,3591,35.20284991549019,-5.07313271694696,False,False,True,False,False,False,False
660269,1,2,2753,33.91702102871467,-6.280502515964921,False,True,False,True,False,False,False
604594,3,2,1086,35.36119042928783,-8.05807340452424,False,False,True,False,True,False,False
197718,1,3,684,33.73273279577095,-6.133378532735981,False,False,False,False,False,False,True
358987,5,2,4147,35.134899416982385,-7.362135945989054,False,False,True,False,False,False,True
695263,4,3,1162,34.26124658695316,-6.097854811598658,False,True,False,False,False,False,False
408745,1,2,2828,35.25594864089014,-8.256255981431579,False,False,True,False,True,False,False
157512,5,3,2907,35.2361133802149,-7.887914969884142,False,False,False,False,True,False,False
197443,5,1,428,35.111850800235246,-5.504919593829747,False,True,False,True,False,False,False
520587,3,4,1306,35.080060872614126,-7.704871550417698,False,True,False,False,True,False,False
423616,5,3,3504,34.10935827819608,-5.57035606164971,False,False,False,False,False,True,False
707409,5,3,4399,33.6618385661025,-7.522533690409563,False,False,False,True,False,False,False
736976,5,4,3394,34.305960357530324,-6.249913314794523,False,False,False,False,False,True,False
415871,5,3,2906,33.847049029973014,-6.070472992715592,False,False,False,False,False,False,False
425037,2,3,4009,34.88990217780492,-6.705708363992315,False,False,False,False,False,False,True
857364,2,2,3953,34.192199453075574,-7.43141263156144,False,True,False,False,False,False,False
167796,3,4,1853,35.45122040171983,-7.755744682701163,False,True,False,False,False,False,True
341999,1,1,3756,34.78194415469066,-8.383837259031509,False,False,True,False,False,False,False
242506,5,3,915,35.14496112726872,-7.436187595657467,False,False,True,False,True,False,False
748376,1,4,438,33.765049345483696,-6.213930233140509,True,False,False,False,False,True,False
319544,1,2,3742,35.22402896454525,-5.21593313543031,False,False,True,False,False,False,True
430002,3,1,1286,35.34551438102679,-5.450784312079318,False,False,True,True,False,False,False
748002,5,4,3244,34.47412383763787,-5.8187732821264415,False,False,False,False,False,True,False
589439,5,1,2604,34.712505875501954,-5.7404342986134544,False,False,False,True,False,False,False
640978,4,1,1498,35.02961960180599,-6.172552837834017,False,False,True,False,False,True,False
578787,1,1,2223,33.84967725452083,-7.588995998518989,True,False,False,False,False,True,False
580583,1,3,3601,34.50513215292688,-5.324817392529596,False,False,False,False,False,False,False
957317,2,3,3555,34.29732605554462,-6.15243690832958,False,False,True,False,False,False,True
438215,4,2,3493,33.7927479843245,-6.53845779156846,False,False,True,False,False,False,True
371184,2,2,3930,34.23506884458306,-8.111536857752816,False,True,False,False,False,True,False
848615,2,4,4178,33.636344618770984,-6.935305596677511,True,False,False,False,True,False,False
472515,2,2,3296,33.55162381389897,-6.888746050793258,False,True,False,False,True,False,False
718234,3,1,3853,33.77033257830965,-5.474027366670655,True,False,False,True,False,False,False
428480,3,1,3911,35.42623022317835,-6.586731229342741,False,False,False,True,False,False,False
82711,2,3,1388,34.59905907179004,-7.168598078603566,True,False,False,False,False,False,False
841971,4,1,4516,35.43164432230644,-5.081198850212692,False,False,True,False,False,True,False
551157,1,4,4426,34.364995756660264,-8.112477923357895,False,False,True,True,False,False,False
234423,4,1,4579,34.12363226617052,-7.021080500908194,True,False,False,True,False,False,False
566349,5,1,2082,34.51228372568049,-8.352913636900082,True,False,False,False,False,True,False
753714,3,4,4363,34.37902337726582,-5.910335577315744,True,False,False,False,False,False,False
962495,1,2,1333,33.71132936852349,-5.286732067302973,False,True,False,True,False,False,False
707917,1,2,3998,34.78165262938041,-7.519869346573287,True,False,False,False,False,False,False
874792,5,4,3633,33.9320763650192,-5.4958041312030765,False,False,False,False,False,False,True
787378,5,3,2380,34.73917590979566,-7.477236193383358,False,True,False,False,False,False,False
183272,2,1,2255,34.800402184796305,-5.312304434246297,False,True,False,False,True,False,False
817836,3,4,3456,33.804049706257295,-5.861133337411256,True,False,False,False,True,False,False
752335,3,1,1192,33.62269925422134,-5.682826281054965,False,False,False,False,False,False,False
857789,4,3,1191,35.06152317213688,-8.43697705539841,False,True,False,False,True,False,False
693409,2,1,2209,34.41960084753864,-5.130163750240909,False,False,True,False,False,False,True
127505,2,4,2655,33.61632759101095,-5.956651527753868,False,True,False,False,False,True,False
52869,2,1,4010,35.48973263433953,-7.433371166148533,True,False,False,False,True,False,False
831474,2,2,2007,33.615561121992734,-5.597118672994036,False,False,False,False,True,False,False
504351,3,3,1384,34.89007045771711,-7.514675805547745,True,False,False,False,False,False,False
362252,3,3,4076,35.467357850526824,-5.445361561518553,False,False,True,False,False,False,True
686584,2,3,3780,33.97836020843185,-8.10596863355822,False,False,True,False,False,True,False
668467,4,4,919,33.78449873737439,-6.037099078887215,False,False,True,False,False,False,False
140272,1,3,990,33.74276987884486,-6.607555331742814,True,False,False,False,False,False,False
88467,1,2,1450,34.10655029513519,-8.162129354315956,False,True,False,False,False,False,True
859760,4,4,4033,33.70209162202129,-7.653371601094063,True,False,False,False,False,True,False
927844,2,2,4844,34.88432268338826,-8.456585873029399,False,False,False,False,False,False,True
530047,3,1,1359,33.62458359626012,-6.85931212087423,False,True,False,False,False,True,False
709347,1,1,1092,34.51884425629958,-7.445571587339998,False,False,True,False,False,False,True
108871,5,1,4299,35.493393707705955,-6.405748804957844,True,False,False,False,False,False,False
989903,5,1,4873,35.12794053901204,-7.45966767301984,False,False,True,False,False,False,False
178391,4,2,3346,34.730438876462024,-7.450283109725554,False,False,True,True,False,False,False
489430,2,4,926,34.112507241573226,-5.898823804439388,False,False,False,False,True,False,False
660704,1,4,3624,34.74779167258328,-8.331500074075763,False,True,False,False,False,False,True
906703,2,3,2653,34.5540829278233,-5.339867516828045,False,False,False,True,False,False,False
880496,1,2,3744,34.352166767780744,-5.5170764396308645,False,False,False,False,True,False,False
306687,4,1,4365,33.7614207534804,-6.162683608707577,False,False,False,False,False,False,True
775451,4,2,2275,35.273208430480935,-6.423724504624155,False,False,True,False,False,True,False
157450,5,3,2163,34.39956929764264,-5.376941256511217,False,False,False,False,True,False,False
221890,2,3,920,33.88924502364153,-7.8513443716495,False,False,False,False,False,False,False
488741,5,2,1416,34.23551870175458,-8.2236079323321,False,True,False,True,False,False,False
331974,2,2,516,34.32825950505785,-7.661714405316617,False,True,False,False,True,False,False
984933,5,2,2833,35.15507579113375,-5.718976024549335,False,False,False,False,True,False,False
450109,3,4,983,34.967228761122804,-8.378654066457308,False,True,False,False,False,False,False
166381,3,1,794,35.03860978728268,-6.4601760772077865,False,True,False,False,False,False,True
523125,3,2,4188,33.5220625288573,-5.015968693330415,False,False,False,False,False,True,False
621621,3,2,3168,34.332307996359525,-5.505063671568612,False,False,True,False,False,False,False
184508,1,2,4567,34.462688303270646,-6.674940088347437,False,False,False,False,False,True,False
779650,3,3,4260,33.53838455364611,-8.277256817496752,False,True,False,False,False,False,True
912645,4,3,673,34.019626417490066,-5.590192699650016,False,False,True,False,True,False,False
449111,4,4,2413,35.02057964624427,-6.4035752213797625,True,False,False,False,False,True,False
200810,1,1,4833,33.774219411458,-8.097734510291517,False,False,True,True,False,False,False
342890,3,4,1789,34.57062026290518,-8.171499503118254,False,True,False,True,False,False,False
623665,3,1,3966,33.93040374403448,-5.316306131971927,False,False,True,False,False,False,False
890477,3,3,565,33.52424154928779,-6.1577990797167255,False,False,False,False,False,False,True
410032,5,3,1967,33.98240291519908,-5.597496202391356,True,False,False,False,False,False,False
419599,2,3,1128,35.45174750982011,-5.423573849012064,True,False,False,False,False,False,False
710960,5,4,2443,35.10307422376598,-6.498796767830872,True,False,False,False,False,False,False
800020,2,2,4597,35.419153288642065,-6.688937768857356,False,True,False,True,False,False,False
929611,3,2,3896,34.47570808785272,-6.993504063876534,False,True,False,True,False,False,False
221836,3,3,1178,33.719472397355005,-7.390686942731083,True,False,False,False,False,False,False
779903,5,2,613,34.595918977947385,-6.978914136994509,False,False,True,True,False,False,False
95714,5,2,4162,34.40875466911992,-5.791421204944452,True,False,False,False,False,False,True
677234,2,4,1976,35.18871416547923,-6.39326799144704,False,False,True,False,False,False,False
946048,4,1,2848,33.69616516156849,-5.376168485158039,False,False,True,True,False,False,False
680271,2,3,3336,34.476482274043555,-6.948169949672844,False,True,False,False,False,True,False
516960,5,3,3517,33.80009732938797,-6.3751864744843605,False,False,True,False,False,False,False
761851,5,4,991,34.14935185378012,-6.29042356417804,True,False,False,False,False,False,False
174123,1,4,3120,34.9747141547756,-6.429059931927861,False,True,False,False,False,False,True
986093,5,2,1113,34.452036258737536,-6.040781794200693,False,False,False,False,True,False,False
355628,1,3,1335,34.25177657029154,-7.668982860688178,False,False,False,False,True,False,False
132989,4,1,4737,34.28895255714007,-6.706726778589733,False,True,False,False,False,False,True
348356,2,4,401,34.41889353681197,-8.135213190170782,True,False,False,False,False,False,True
879957,2,1,3248,35.07003308767411,-7.1542103532431565,False,False,False,False,False,False,True
228274,1,1,4444,35.28416937788047,-6.793165259825575,False,False,False,False,True,False,False
737995,2,3,2349,35.410669373007856,-6.217215091590846,False,False,True,False,False,False,True
375352,5,3,1317,35.07380677251059,-5.173141315948287,False,False,True,True,False,False,False
870260,3,4,3574,34.130813791496024,-6.397721267080755,True,False,False,False,False,False,False
461927,1,3,2641,34.87626941217309,-5.897421293382041,False,True,False,False,False,False,False
839852,2,3,489,34.375206248110786,-6.72806879176679,True,False,False,False,False,True,False
933184,1,3,2109,34.009341244092106,-6.2806358901828405,False,True,False,False,False,True,False
181373,1,1,2569,35.181743158851845,-8.251737243531792,False,False,False,False,False,False,False
488452,3,4,4638,33.57685269792465,-7.609629467053535,False,False,True,True,False,False,False
165294,5,2,3441,35.303523984270846,-7.233514173782014,True,False,False,False,True,False,False
509451,1,1,505,34.42295492924947,-6.846273257477202,True,False,False,False,True,False,False
698307,2,3,1286,34.77440295361656,-8.340229390741657,False,True,False,True,False,False,False
115726,4,1,827,34.81870784441156,-8.009915658563388,False,True,False,False,True,False,False
191564,1,3,2295,35.29023548141307,-7.53114992273043,True,False,False,False,False,False,True
427812,1,3,716,34.77333936433441,-5.099635581846323,False,True,False,False,False,False,False
318246,3,1,1034,34.727867169520124,-7.340285475139322,True,False,False,False,False,False,False
755696,5,4,2325,33.63330408112138,-6.812856296607711,True,False,False,True,False,False,False
168015,4,3,2456,34.53681604389041,-7.813658005415625,True,False,False,False,True,False,False
790674,2,4,3544,33.80033800163408,-6.362269751234811,False,False,False,False,False,True,False
304079,4,2,2670,34.97486753744297,-7.51760874569409,False,True,False,False,False,True,False
600929,2,3,1839,34.52444384162535,-7.775525975465507,False,False,True,False,True,False,False
739944,5,4,952,34.8604555584167,-6.691995800439074,False,False,True,False,False,True,False
738105,2,4,1115,33.58334580120477,-8.480729702938527,False,True,False,True,False,False,False
563758,3,2,4311,33.669584032091606,-8.473175885727711,True,False,False,True,False,False,False
990597,3,4,2113,34.93264677612537,-7.733259168143498,False,False,True,False,True,False,False
415890,3,4,3789,33.64416867199735,-8.371475231247127,False,False,True,False,False,True,False
495101,3,2,1507,33.64251345553052,-8.12190986054258,False,True,False,True,False,False,False
86631,4,3,4606,33.52421695046978,-7.31398772731437,False,False,True,True,False,False,False
816577,5,4,650,35.41300279659896,-5.690950121470655,True,False,False,False,False,False,True
122991,2,4,2830,34.97501671891801,-6.497829748207447,False,True,False,False,False,False,True
54014,2,4,2454,34.20650281700413,-6.705662959152543,True,False,False,True,False,False,False
323237,3,1,858,34.09307116257531,-7.4727891187715745,False,False,True,False,True,False,False
68070,3,2,607,34.1994064594917,-5.238861981985142,False,False,True,False,False,False,False
872209,1,1,1299,35.04930706236237,-7.110447355669829,True,False,False,False,False,False,False
106958,5,2,3861,34.82274122214083,-8.195175316214799,False,False,False,True,False,False,False
132074,4,3,3785,33.870391135734934,-6.340267193587696,False,False,True,True,False,False,False
585017,2,3,421,33.84821867066817,-8.101565622831895,False,False,False,True,False,False,False
805073,1,4,809,33.69679129942679,-7.291719000194078,False,False,True,False,True,False,False
226089,1,2,1294,34.82060543940268,-6.724058214487669,False,False,False,False,False,False,True
247392,2,3,914,35.02874532444347,-5.440221163601885,False,False,False,True,False,False,False
208823,4,2,4509,34.03009285665001,-6.772586968809584,False,False,False,True,False,False,False
680152,1,3,2534,33.54188992206183,-6.042094318889175,True,False,False,False,False,True,False
443002,1,1,3995,33.664343334952854,-5.025141063503254,False,False,False,False,True,False,False
783429,5,3,3356,35.43572006969006,-8.039788080357065,False,False,False,True,False,False,False
548863,4,1,1960,34.09088955495484,-7.538439660681682,False,False,False,False,False,True,False
417654,1,3,1666,35.038446295676266,-7.1189837354082375,False,False,True,False,False,False,False
629036,4,4,2569,34.749327137708526,-7.02360137511409,False,False,False,True,False,False,False
580089,2,1,4038,34.26387927930579,-7.06142623657059,False,False,True,True,False,False,False
200262,3,3,1149,33.91137452439111,-5.323361491052058,False,False,False,False,False,True,False
492905,1,4,3827,33.742772836318814,-6.000885744366002,False,False,False,False,True,False,False
285362,5,1,2327,34.73002593607773,-6.372331750682537,True,False,False,True,False,False,False
494209,2,4,4204,35.04926756127558,-7.417195487480263,False,False,True,False,False,False,False
603880,4,2,4102,34.78780850708226,-5.6167336552254685,False,False,False,True,False,False,False
847079,2,2,2756,34.56060426649832,-5.157288209802539,False,False,True,False,False,False,False
714076,1,1,2735,33.58390244686327,-5.625806011074207,False,False,True,False,False,False,True
269963,4,3,706,35.43697755518877,-8.494522131829845,False,True,False,False,False,False,True
530761,3,1,4065,35.09742838330915,-6.272595204358075,True,False,False,False,False,False,False
298710,2,4,2389,34.08564407340193,-8.321026164952647,True,False,False,False,True,False,False
270984,1,3,1061,35.4599406587177,-7.598374728831973,True,False,False,True,False,False,False
947059,5,2,711,34.70376317927264,-8.291663548782799,False,True,False,True,False,False,False
906748,4,3,3320,34.66484531641449,-6.386715914677144,False,True,False,False,False,False,True
832355,2,2,1482,34.996146358859065,-6.096935302775876,True,False,False,False,False,False,False
314512,2,3,3371,35.12353957618028,-8.099293266769331,False,True,False,True,False,False,False
651863,3,3,1154,34.81295721466301,-7.156563909342571,False,True,False,True,False,False,False
318799,3,3,4530,33.7561914927324,-6.903172218655604,False,True,False,False,True,False,False
287549,5,4,4940,34.176535011989,-7.208314423836792,True,False,False,False,False,True,False
